{
  "project_info": {
    "project_number": "000000000000",
    "project_id": "placeholder-project",
    "storage_bucket": "placeholder.appspot.com"
  },
  "client": [
    {
      "client_info": {
        "mobilesdk_app_id": "1:000000000000:android:placeholder",
        "android_client_info": {
          "package_name": "com.newton.deskchatapp"
        }
      },
      "api_key": [
        {
          "current_key": "AIzA-placeholder-key"
        }
      ]
    }
  ],
  "configuration_version": "1"
}