{
  "project_info": {
    "project_number": "820903461686",
    "project_id": "deskchatapp-mvp",
    "storage_bucket": "deskchatapp-mvp.firebasestorage.app"
  },
  "client": [
    {
      "client_info": {
        "mobilesdk_app_id": "1:820903461686:android:52ce60fec9dc641bb02997",
        "android_client_info": {
          "package_name": "com.newton.deskchatapp"
        }
      },
      "oauth_client": [],
      "api_key": [
        {
          "current_key": "AIzaSyCOeAVoguL1TVNhlxxZZZ_2Ufv8o4sh0X0"
        }
      ],
      "services": {
        "appinvite_service": {
          "other_platform_oauth_client": []
        }
      }
    }
  ],
  "configuration_version": "1"
}